type,name,email,createdAt,sku,description,price,active,qty,category,order,items,status,method,reference,expiresAt
CATEGORY,Shirts,,,,,,,,,,,,,,,
CATEGORY,Pants,,,,,,,,,,,,,,,
CATEGORY,Shoes,,,,,,,,,,,,,,,
CATEGORY,Hats,,,,,,,,,,,,,,,
CATEGORY,Jackets,,,,,,,,,,,,,,,
CATEGORY,Accessories,,,,,,,,,,,,,,,
CATEGORY,Socks,,,,,,,,,,,,,,,
CATEGORY,Outerwear,,,,,,,,,,,,,,,
CATEGORY,Underwear,,,,,,,,,,,,,,,
CATEGORY,Sportswear,,,,,,,,,,,,,,,
CUSTOMER,Customer 1,customer1@example.com,2025-12-21T10:15:05.5046748,,,,,,,,,,,,,
CUSTOMER,Customer 2,customer2@example.com,2025-05-23T10:15:05.5046748,,,,,,,,,,,,,
CUSTOMER,Customer 3,customer3@example.com,2025-03-08T10:15:05.5046748,,,,,,,,,,,,,
CUSTOMER,Customer 4,customer4@example.com,2025-07-04T10:15:05.5046748,,,,,,,,,,,,,
CUSTOMER,Customer 5,customer5@example.com,2025-07-24T10:15:05.5046748,,,,,,,,,,,,,
CUSTOMER,Customer 6,customer6@example.com,2025-05-02T10:15:05.5046748,,,,,,,,,,,,,
CUSTOMER,Customer 7,customer7@example.com,2025-11-05T10:15:05.5046748,,,,,,,,,,,,,
CUSTOMER,Customer 8,customer8@example.com,2025-05-03T10:15:05.5046748,,,,,,,,,,,,,
CUSTOMER,Customer 9,customer9@example.com,2025-08-08T10:15:05.5066802,,,,,,,,,,,,,
CUSTOMER,Customer 10,customer10@example.com,2025-08-04T10:15:05.5066802,,,,,,,,,,,,,
CUSTOMER,Customer 11,customer11@example.com,2025-05-17T10:15:05.5066802,,,,,,,,,,,,,
CUSTOMER,Customer 12,customer12@example.com,2025-03-22T10:15:05.5066802,,,,,,,,,,,,,
CUSTOMER,Customer 13,customer13@example.com,2025-09-11T10:15:05.5066802,,,,,,,,,,,,,
CUSTOMER,Customer 14,customer14@example.com,2025-11-22T10:15:05.5066802,,,,,,,,,,,,,
CUSTOMER,Customer 15,customer15@example.com,2025-11-28T10:15:05.5066802,,,,,,,,,,,,,
CUSTOMER,Customer 16,customer16@example.com,2025-02-24T10:15:05.5066802,,,,,,,,,,,,,
CUSTOMER,Customer 17,customer17@example.com,2025-06-21T10:15:05.5086843,,,,,,,,,,,,,
CUSTOMER,Customer 18,customer18@example.com,2025-09-10T10:15:05.5086843,,,,,,,,,,,,,
CUSTOMER,Customer 19,customer19@example.com,2025-01-28T10:15:05.5086843,,,,,,,,,,,,,
CUSTOMER,Customer 20,customer20@example.com,2025-02-18T10:15:05.5086843,,,,,,,,,,,,,
CUSTOMER,Customer 21,customer21@example.com,2025-06-16T10:15:05.5086843,,,,,,,,,,,,,
CUSTOMER,Customer 22,customer22@example.com,2025-09-28T10:15:05.5086843,,,,,,,,,,,,,
CUSTOMER,Customer 23,customer23@example.com,2025-07-18T10:15:05.5086843,,,,,,,,,,,,,
CUSTOMER,Customer 24,customer24@example.com,2025-05-09T10:15:05.5086843,,,,,,,,,,,,,
CUSTOMER,Customer 25,customer25@example.com,2025-10-09T10:15:05.5086843,,,,,,,,,,,,,
CUSTOMER,Customer 26,customer26@example.com,2025-12-13T10:15:05.5086843,,,,,,,,,,,,,
CUSTOMER,Customer 27,customer27@example.com,2025-06-02T10:15:05.5086843,,,,,,,,,,,,,
CUSTOMER,Customer 28,customer28@example.com,2025-11-29T10:15:05.5086843,,,,,,,,,,,,,
CUSTOMER,Customer 29,customer29@example.com,2025-03-25T10:15:05.5086843,,,,,,,,,,,,,
CUSTOMER,Customer 30,customer30@example.com,2025-07-06T10:15:05.5086843,,,,,,,,,,,,,
CUSTOMER,Customer 31,customer31@example.com,2026-01-14T10:15:05.5086843,,,,,,,,,,,,,
CUSTOMER,Customer 32,customer32@example.com,2025-06-30T10:15:05.5086843,,,,,,,,,,,,,
CUSTOMER,Customer 33,customer33@example.com,2025-12-25T10:15:05.5086843,,,,,,,,,,,,,
CUSTOMER,Customer 34,customer34@example.com,2025-09-30T10:15:05.5086843,,,,,,,,,,,,,
CUSTOMER,Customer 35,customer35@example.com,2025-06-11T10:15:05.5086843,,,,,,,,,,,,,
CUSTOMER,Customer 36,customer36@example.com,2025-11-11T10:15:05.5086843,,,,,,,,,,,,,
CUSTOMER,Customer 37,customer37@example.com,2025-02-06T10:15:05.5086843,,,,,,,,,,,,,
CUSTOMER,Customer 38,customer38@example.com,2025-06-21T10:15:05.5086843,,,,,,,,,,,,,
CUSTOMER,Customer 39,customer39@example.com,2026-01-17T10:15:05.5086843,,,,,,,,,,,,,
CUSTOMER,Customer 40,customer40@example.com,2025-08-04T10:15:05.5086843,,,,,,,,,,,,,
CUSTOMER,Customer 41,customer41@example.com,2025-12-02T10:15:05.5086843,,,,,,,,,,,,,
CUSTOMER,Customer 42,customer42@example.com,2025-10-10T10:15:05.5106889,,,,,,,,,,,,,
CUSTOMER,Customer 43,customer43@example.com,2025-06-22T10:15:05.5106889,,,,,,,,,,,,,
CUSTOMER,Customer 44,customer44@example.com,2025-05-14T10:15:05.5106889,,,,,,,,,,,,,
CUSTOMER,Customer 45,customer45@example.com,2025-12-29T10:15:05.5106889,,,,,,,,,,,,,
CUSTOMER,Customer 46,customer46@example.com,2025-05-30T10:15:05.5106889,,,,,,,,,,,,,
CUSTOMER,Customer 47,customer47@example.com,2025-08-23T10:15:05.5106889,,,,,,,,,,,,,
CUSTOMER,Customer 48,customer48@example.com,2025-08-02T10:15:05.51243,,,,,,,,,,,,,
CUSTOMER,Customer 49,customer49@example.com,2025-07-20T10:15:05.51243,,,,,,,,,,,,,
CUSTOMER,Customer 50,customer50@example.com,2025-02-04T10:15:05.51243,,,,,,,,,,,,,
CUSTOMER,Customer 51,customer51@example.com,2025-11-13T10:15:05.51243,,,,,,,,,,,,,
CUSTOMER,Customer 52,customer52@example.com,2025-10-15T10:15:05.51243,,,,,,,,,,,,,
CUSTOMER,Customer 53,customer53@example.com,2025-11-17T10:15:05.51243,,,,,,,,,,,,,
CUSTOMER,Customer 54,customer54@example.com,2025-11-15T10:15:05.51243,,,,,,,,,,,,,
CUSTOMER,Customer 55,customer55@example.com,2025-02-20T10:15:05.51243,,,,,,,,,,,,,
CUSTOMER,Customer 56,customer56@example.com,2025-02-05T10:15:05.51243,,,,,,,,,,,,,
CUSTOMER,Customer 57,customer57@example.com,2025-03-16T10:15:05.51243,,,,,,,,,,,,,
CUSTOMER,Customer 58,customer58@example.com,2025-06-13T10:15:05.51243,,,,,,,,,,,,,
CUSTOMER,Customer 59,customer59@example.com,2025-09-30T10:15:05.51243,,,,,,,,,,,,,
CUSTOMER,Customer 60,customer60@example.com,2025-12-22T10:15:05.51243,,,,,,,,,,,,,
CUSTOMER,Customer 61,customer61@example.com,2025-02-04T10:15:05.51243,,,,,,,,,,,,,
CUSTOMER,Customer 62,customer62@example.com,2025-02-19T10:15:05.51243,,,,,,,,,,,,,
CUSTOMER,Customer 63,customer63@example.com,2025-12-25T10:15:05.51243,,,,,,,,,,,,,
CUSTOMER,Customer 64,customer64@example.com,2025-01-23T10:15:05.51243,,,,,,,,,,,,,
CUSTOMER,Customer 65,customer65@example.com,2025-06-29T10:15:05.51243,,,,,,,,,,,,,
CUSTOMER,Customer 66,customer66@example.com,2025-07-10T10:15:05.51243,,,,,,,,,,,,,
CUSTOMER,Customer 67,customer67@example.com,2025-02-25T10:15:05.51243,,,,,,,,,,,,,
CUSTOMER,Customer 68,customer68@example.com,2025-11-06T10:15:05.51243,,,,,,,,,,,,,
CUSTOMER,Customer 69,customer69@example.com,2025-11-23T10:15:05.51243,,,,,,,,,,,,,
CUSTOMER,Customer 70,customer70@example.com,2025-05-17T10:15:05.51243,,,,,,,,,,,,,
CUSTOMER,Customer 71,customer71@example.com,2025-08-30T10:15:05.51243,,,,,,,,,,,,,
CUSTOMER,Customer 72,customer72@example.com,2025-07-10T10:15:05.51243,,,,,,,,,,,,,
CUSTOMER,Customer 73,customer73@example.com,2025-10-18T10:15:05.51243,,,,,,,,,,,,,
CUSTOMER,Customer 74,customer74@example.com,2025-03-19T10:15:05.51243,,,,,,,,,,,,,
CUSTOMER,Customer 75,customer75@example.com,2025-08-15T10:15:05.51243,,,,,,,,,,,,,
CUSTOMER,Customer 76,customer76@example.com,2025-04-19T10:15:05.51243,,,,,,,,,,,,,
CUSTOMER,Customer 77,customer77@example.com,2026-01-12T10:15:05.51243,,,,,,,,,,,,,
CUSTOMER,Customer 78,customer78@example.com,2025-08-05T10:15:05.51243,,,,,,,,,,,,,
CUSTOMER,Customer 79,customer79@example.com,2025-04-11T10:15:05.51243,,,,,,,,,,,,,
CUSTOMER,Customer 80,customer80@example.com,2025-10-02T10:15:05.5144337,,,,,,,,,,,,,
CUSTOMER,Customer 81,customer81@example.com,2025-10-28T10:15:05.5144337,,,,,,,,,,,,,
CUSTOMER,Customer 82,customer82@example.com,2025-02-28T10:15:05.5144337,,,,,,,,,,,,,
CUSTOMER,Customer 83,customer83@example.com,2026-01-05T10:15:05.5144337,,,,,,,,,,,,,
CUSTOMER,Customer 84,customer84@example.com,2025-05-20T10:15:05.5144337,,,,,,,,,,,,,
CUSTOMER,Customer 85,customer85@example.com,2025-03-07T10:15:05.5144337,,,,,,,,,,,,,
CUSTOMER,Customer 86,customer86@example.com,2025-12-12T10:15:05.5144337,,,,,,,,,,,,,
CUSTOMER,Customer 87,customer87@example.com,2025-03-18T10:15:05.5144337,,,,,,,,,,,,,
CUSTOMER,Customer 88,customer88@example.com,2025-12-26T10:15:05.5144337,,,,,,,,,,,,,
CUSTOMER,Customer 89,customer89@example.com,2025-07-25T10:15:05.5144337,,,,,,,,,,,,,
CUSTOMER,Customer 90,customer90@example.com,2025-05-24T10:15:05.5144337,,,,,,,,,,,,,
CUSTOMER,Customer 91,customer91@example.com,2025-12-12T10:15:05.5144337,,,,,,,,,,,,,
CUSTOMER,Customer 92,customer92@example.com,2025-07-07T10:15:05.5144337,,,,,,,,,,,,,
CUSTOMER,Customer 93,customer93@example.com,2025-08-21T10:15:05.5144337,,,,,,,,,,,,,
CUSTOMER,Customer 94,customer94@example.com,2025-02-25T10:15:05.5144337,,,,,,,,,,,,,
CUSTOMER,Customer 95,customer95@example.com,2025-02-23T10:15:05.5144337,,,,,,,,,,,,,
CUSTOMER,Customer 96,customer96@example.com,2025-09-14T10:15:05.5144337,,,,,,,,,,,,,
CUSTOMER,Customer 97,customer97@example.com,2025-05-26T10:15:05.5144337,,,,,,,,,,,,,
CUSTOMER,Customer 98,customer98@example.com,2025-10-26T10:15:05.5144337,,,,,,,,,,,,,
CUSTOMER,Customer 99,customer99@example.com,2025-11-06T10:15:05.5144337,,,,,,,,,,,,,
CUSTOMER,Customer 100,customer100@example.com,2025-09-30T10:15:05.5144337,,,,,,,,,,,,,
PRODUCT,Product 1,,2025-01-27,SKU1,Description for Product 1,263.253794,true,82,Hats,,,,,
PRODUCT,Product 2,,2025-11-10,SKU2,Description for Product 2,20.775122,false,1,Hats|Outerwear,,,,,
PRODUCT,Product 3,,2025-06-26,SKU3,Description for Product 3,79.143993,true,86,Underwear|Jackets,,,,,
PRODUCT,Product 4,,2025-09-16,SKU4,Description for Product 4,381.673568,false,20,Jackets,,,,,
PRODUCT,Product 5,,2025-07-27,SKU5,Description for Product 5,77.472405,false,58,Underwear|Accessories,,,,,
PRODUCT,Product 6,,2025-10-04,SKU6,Description for Product 6,408.926903,false,95,Pants|Sportswear|Jackets,,,,,
PRODUCT,Product 7,,2025-02-17,SKU7,Description for Product 7,76.627831,false,39,Shirts|Accessories,,,,,
PRODUCT,Product 8,,2025-10-25,SKU8,Description for Product 8,483.327977,true,54,Pants|Shirts,,,,,
PRODUCT,Product 9,,2025-10-25,SKU9,Description for Product 9,290.744848,true,78,Sportswear|Hats|Shoes,,,,,
PRODUCT,Product 10,,2025-02-19,SKU10,Description for Product 10,178.478305,true,59,Accessories|Outerwear,,,,,
PRODUCT,Product 11,,2025-02-06,SKU11,Description for Product 11,154.889367,true,58,Pants|Socks|Outerwear,,,,,
PRODUCT,Product 12,,2025-02-24,SKU12,Description for Product 12,349.293586,true,33,Accessories|Shirts,,,,,
PRODUCT,Product 13,,2025-02-04,SKU13,Description for Product 13,381.767483,false,15,Jackets|Accessories|Outerwear,,,,,
PRODUCT,Product 14,,2025-12-12,SKU14,Description for Product 14,166.158649,true,37,Shoes|Jackets,,,,,
PRODUCT,Product 15,,2026-01-18,SKU15,Description for Product 15,324.089583,true,13,Accessories|Shoes|Underwear,,,,,
PRODUCT,Product 16,,2025-04-24,SKU16,Description for Product 16,190.260741,false,87,Accessories|Jackets,,,,,
PRODUCT,Product 17,,2025-06-15,SKU17,Description for Product 17,373.455047,true,33,Shirts|Pants,,,,,
PRODUCT,Product 18,,2025-04-24,SKU18,Description for Product 18,398.714710,false,1,Underwear|Sportswear,,,,,
PRODUCT,Product 19,,2025-10-03,SKU19,Description for Product 19,171.310966,false,72,Sportswear|Pants|Accessories,,,,,
PRODUCT,Product 20,,2025-06-23,SKU20,Description for Product 20,89.629795,true,40,Socks|Shirts|Accessories,,,,,
PRODUCT,Product 21,,2025-10-05,SKU21,Description for Product 21,328.648866,false,49,Shirts,,,,,
PRODUCT,Product 22,,2025-04-04,SKU22,Description for Product 22,343.860979,true,53,Hats|Pants,,,,,
PRODUCT,Product 23,,2025-03-01,SKU23,Description for Product 23,13.994152,false,58,Shirts|Jackets|Shoes,,,,,
PRODUCT,Product 24,,2025-12-05,SKU24,Description for Product 24,303.206146,false,86,Pants|Underwear|Jackets,,,,,
PRODUCT,Product 25,,2025-12-06,SKU25,Description for Product 25,460.472159,false,16,Outerwear,,,,,
PRODUCT,Product 26,,2025-09-29,SKU26,Description for Product 26,128.943555,true,57,Shirts|Socks,,,,,
PRODUCT,Product 27,,2025-11-06,SKU27,Description for Product 27,271.434331,false,81,Shoes|Underwear,,,,,
PRODUCT,Product 28,,2025-12-08,SKU28,Description for Product 28,461.241802,true,64,Accessories,,,,,
PRODUCT,Product 29,,2025-08-11,SKU29,Description for Product 29,446.738275,false,44,Sportswear|Jackets,,,,,
PRODUCT,Product 30,,2025-07-30,SKU30,Description for Product 30,50.838525,false,48,Underwear,,,,,
PRODUCT,Product 31,,2025-05-13,SKU31,Description for Product 31,63.204310,true,45,Shirts|Shoes|Pants,,,,,
PRODUCT,Product 32,,2025-09-06,SKU32,Description for Product 32,348.792419,true,100,Outerwear|Shirts,,,,,
PRODUCT,Product 33,,2025-03-18,SKU33,Description for Product 33,30.709169,true,4,Hats,,,,,
PRODUCT,Product 34,,2025-08-20,SKU34,Description for Product 34,5.440042,false,40,Pants|Shoes|Jackets,,,,,
PRODUCT,Product 35,,2025-06-30,SKU35,Description for Product 35,259.803427,true,5,Pants|Socks,,,,,
PRODUCT,Product 36,,2025-05-17,SKU36,Description for Product 36,488.371843,false,10,Outerwear|Shirts,,,,,
PRODUCT,Product 37,,2025-05-21,SKU37,Description for Product 37,11.222219,true,7,Accessories|Shirts,,,,,
PRODUCT,Product 38,,2025-06-09,SKU38,Description for Product 38,68.069606,true,10,Accessories|Underwear,,,,,
PRODUCT,Product 39,,2025-02-05,SKU39,Description for Product 39,466.924688,false,13,Jackets,,,,,
PRODUCT,Product 40,,2025-06-19,SKU40,Description for Product 40,40.449968,false,35,Shoes,,,,,
PRODUCT,Product 41,,2025-09-11,SKU41,Description for Product 41,15.988261,true,29,Hats|Shirts|Sportswear,,,,,
PRODUCT,Product 42,,2025-10-28,SKU42,Description for Product 42,225.035312,false,26,Sportswear|Outerwear|Socks,,,,,
PRODUCT,Product 43,,2025-01-25,SKU43,Description for Product 43,234.473648,true,30,Socks|Hats|Shoes,,,,,
PRODUCT,Product 44,,2025-03-05,SKU44,Description for Product 44,364.465998,false,27,Hats|Outerwear,,,,,
PRODUCT,Product 45,,2026-01-05,SKU45,Description for Product 45,494.799704,true,89,Pants|Sportswear,,,,,
PRODUCT,Product 46,,2026-01-19,SKU46,Description for Product 46,308.986731,true,11,Shoes,,,,,
PRODUCT,Product 47,,2025-10-18,SKU47,Description for Product 47,379.760259,false,20,Outerwear,,,,,
PRODUCT,Product 48,,2025-10-30,SKU48,Description for Product 48,314.969118,true,57,Shirts|Shoes|Jackets,,,,,
PRODUCT,Product 49,,2025-06-26,SKU49,Description for Product 49,377.483079,true,98,Underwear,,,,,
PRODUCT,Product 50,,2025-06-10,SKU50,Description for Product 50,265.134278,true,45,Shirts|Pants,,,,,
ORDER,,customer61@example.com,2025-05-09T10:15:05.518443,,,302.325130,,1|4,,ORD-00001,SKU32|SKU9,SHIPPED,,,
ORDER,,customer42@example.com,2025-05-09T10:15:05.518443,,,1818.570986,,3|5|2|2,,ORD-00002,SKU12|SKU45|SKU36|SKU35,CANCELLED,,,
ORDER,,customer78@example.com,2025-11-22T10:15:05.518443,,,208.149101,,1,,ORD-00003,SKU11,CANCELLED,,,
ORDER,,customer67@example.com,2025-10-10T10:15:05.518443,,,589.530605,,4|1,,ORD-00004,SKU32|SKU25,SHIPPED,,,
ORDER,,customer53@example.com,2025-12-31T10:15:05.518443,,,740.879371,,5|2|1|2|3,,ORD-00005,SKU42|SKU27|SKU36|SKU26|SKU41,PAID,,,
ORDER,,customer71@example.com,2025-05-22T10:15:05.518443,,,1493.777939,,3|2|4,,ORD-00006,SKU24|SKU15|SKU41,CANCELLED,,,
ORDER,,customer71@example.com,2025-09-03T10:15:05.518443,,,1059.918345,,3|4|5,,ORD-00007,SKU20|SKU17|SKU20,SHIPPED,,,
ORDER,,customer15@example.com,2025-10-29T10:15:05.518443,,,277.304383,,5|1|2|5|3,,ORD-00008,SKU25|SKU50|SKU38|SKU6|SKU26,PENDING,,,
ORDER,,customer42@example.com,2025-06-30T10:15:05.518443,,,633.305430,,2|5,,ORD-00009,SKU5|SKU1,PAID,,,
ORDER,,customer26@example.com,2025-12-26T10:15:05.518443,,,150.761816,,3|3,,ORD-00010,SKU21|SKU38,CANCELLED,,,
ORDER,,customer55@example.com,2025-10-07T10:15:05.518443,,,485.495322,,1,,ORD-00011,SKU34,CANCELLED,,,
ORDER,,customer90@example.com,2025-03-24T10:15:05.5204461,,,241.566053,,2,,ORD-00012,SKU32,PENDING,,,
ORDER,,customer94@example.com,2025-06-24T10:15:05.5204461,,,1505.786863,,3|5|4|1,,ORD-00013,SKU2|SKU10|SKU3|SKU22,SHIPPED,,,
ORDER,,customer81@example.com,2025-01-26T10:15:05.5204461,,,293.773162,,5,,ORD-00014,SKU8,PENDING,,,
ORDER,,customer55@example.com,2025-11-15T10:15:05.5204461,,,102.878500,,5|5|5|5,,ORD-00015,SKU9|SKU27|SKU35|SKU37,NEW,,,
ORDER,,customer11@example.com,2025-10-14T10:15:05.5204461,,,1212.296514,,1|1|2,,ORD-00016,SKU29|SKU18|SKU25,SHIPPED,,,
ORDER,,customer37@example.com,2025-06-08T10:15:05.5204461,,,234.191718,,3|5,,ORD-00017,SKU3|SKU23,SHIPPED,,,
ORDER,,customer30@example.com,2025-07-06T10:15:05.5204461,,,228.994660,,5,,ORD-00018,SKU34,CANCELLED,,,
ORDER,,customer11@example.com,2025-11-30T10:15:05.5204461,,,329.184946,,2,,ORD-00019,SKU37,SHIPPED,,,
ORDER,,customer19@example.com,2025-06-24T10:15:05.5204461,,,416.795248,,4|2|3|3,,ORD-00020,SKU16|SKU23|SKU20|SKU14,CANCELLED,,,
ORDER,,customer39@example.com,2025-03-03T10:15:05.5204461,,,961.800710,,3|2|2|2,,ORD-00021,SKU20|SKU40|SKU10|SKU1,PENDING,,,
ORDER,,customer12@example.com,2025-03-07T10:15:05.5204461,,,459.294427,,3|4|5,,ORD-00022,SKU19|SKU34|SKU11,SHIPPED,,,
ORDER,,customer62@example.com,2025-09-22T10:15:05.5204461,,,264.219994,,4|5,,ORD-00023,SKU42|SKU29,NEW,,,
ORDER,,customer54@example.com,2025-10-11T10:15:05.5204461,,,1146.548741,,2|1|1|2,,ORD-00024,SKU28|SKU7|SKU10|SKU15,SHIPPED,,,
ORDER,,customer89@example.com,2025-07-01T10:15:05.5204461,,,389.071040,,3,,ORD-00025,SKU30,SHIPPED,,,
ORDER,,customer45@example.com,2025-04-29T10:15:05.5204461,,,1338.559480,,1|4|3,,ORD-00026,SKU12|SKU35|SKU7,PAID,,,
ORDER,,customer57@example.com,2025-01-22T10:15:05.5204461,,,431.092327,,4|2|5,,ORD-00027,SKU14|SKU21|SKU29,PAID,,,
ORDER,,customer9@example.com,2025-05-27T10:15:05.5204461,,,871.694467,,1|1|5,,ORD-00028,SKU43|SKU41|SKU31,CANCELLED,,,
ORDER,,customer47@example.com,2025-04-23T10:15:05.5224492,,,567.738988,,5|1|1|3|4,,ORD-00029,SKU9|SKU3|SKU36|SKU41|SKU36,PAID,,,
ORDER,,customer74@example.com,2025-04-13T10:15:05.5224492,,,2091.698906,,4|2|5|4|3,,ORD-00030,SKU12|SKU28|SKU13|SKU25|SKU24,NEW,,,
ORDER,,customer6@example.com,2025-07-28T10:15:05.5224492,,,472.621402,,3|1|4|2,,ORD-00031,SKU14|SKU50|SKU12|SKU48,SHIPPED,,,
ORDER,,customer23@example.com,2025-11-13T10:15:05.5224492,,,65.374063,,1,,ORD-00032,SKU11,CANCELLED,,,
ORDER,,customer77@example.com,2025-12-08T10:15:05.5224492,,,707.942734,,3|3|5|3|1,,ORD-00033,SKU28|SKU34|SKU13|SKU39|SKU14,PAID,,,
ORDER,,customer52@example.com,2025-11-13T10:15:05.5224492,,,815.988599,,1|1|1|3,,ORD-00034,SKU48|SKU42|SKU28|SKU36,SHIPPED,,,
ORDER,,customer65@example.com,2025-02-10T10:15:05.5224492,,,467.554442,,4,,ORD-00035,SKU10,SHIPPED,,,
ORDER,,customer64@example.com,2025-02-05T10:15:05.5224492,,,82.829762,,3|2,,ORD-00036,SKU30|SKU20,SHIPPED,,,
ORDER,,customer55@example.com,2025-09-30T10:15:05.5224492,,,1007.608318,,5|1|3,,ORD-00037,SKU48|SKU23|SKU39,CANCELLED,,,
ORDER,,customer50@example.com,2025-11-10T10:15:05.5224492,,,424.452578,,5,,ORD-00038,SKU39,NEW,,,
ORDER,,customer51@example.com,2025-12-29T10:15:05.5224492,,,453.961748,,3,,ORD-00039,SKU48,PAID,,,
ORDER,,customer34@example.com,2025-08-06T10:15:05.5224492,,,961.228302,,5|5,,ORD-00040,SKU31|SKU20,NEW,,,
ORDER,,customer48@example.com,2025-12-20T10:15:05.5224492,,,506.747240,,4|4|3|3|5,,ORD-00041,SKU50|SKU12|SKU40|SKU12|SKU14,NEW,,,
ORDER,,customer34@example.com,2025-10-29T10:15:05.5244518,,,25.642472,,2|1|4,,ORD-00042,SKU11|SKU42|SKU37,SHIPPED,,,
ORDER,,customer86@example.com,2025-05-12T10:15:05.5244518,,,777.049116,,4|5|2|2,,ORD-00043,SKU26|SKU2|SKU47|SKU23,CANCELLED,,,
ORDER,,customer81@example.com,2025-06-07T10:15:05.5244518,,,152.963962,,1|3|4,,ORD-00044,SKU24|SKU48|SKU31,PAID,,,
ORDER,,customer69@example.com,2025-06-05T10:15:05.5244518,,,929.933505,,5|2|3|4,,ORD-00045,SKU14|SKU37|SKU46|SKU1,PENDING,,,
ORDER,,customer62@example.com,2025-08-31T10:15:05.5244518,,,1295.175284,,1|5|2,,ORD-00046,SKU20|SKU22|SKU37,PAID,,,
ORDER,,customer62@example.com,2025-08-16T10:15:05.5244518,,,482.627724,,5|5,,ORD-00047,SKU42|SKU3,NEW,,,
ORDER,,customer14@example.com,2025-11-24T10:15:05.5244518,,,198.126469,,3|3,,ORD-00048,SKU30|SKU16,PAID,,,
ORDER,,customer56@example.com,2025-07-10T10:15:05.5244518,,,307.064167,,4,,ORD-00049,SKU25,PAID,,,
ORDER,,customer37@example.com,2025-08-16T10:15:05.5244518,,,245.114145,,2|5,,ORD-00050,SKU37|SKU22,SHIPPED,,,
PAYMENT,,,2025-07-04T10:15:05.5244518,,,,,,,ORD-00001,,DECLINED,CARD,CARD-Up4YzFssVQ,
PAYMENT,,,2025-08-15T10:15:05.5264558,,,,,,,ORD-00002,,APPROVED,INVOICE,INVOICE-N36tVuWlVT,
PAYMENT,,,2025-06-27T10:15:05.5264558,,,,,,,ORD-00003,,DECLINED,INVOICE,INVOICE-GPGh88Wis7,
PAYMENT,,,2025-05-30T10:15:05.5264558,,,,,,,ORD-00004,,PENDING,INVOICE,INVOICE-7g68UiFiD9,
PAYMENT,,,2026-01-13T10:15:05.5264558,,,,,,,ORD-00005,,PENDING,INVOICE,INVOICE-4vXDwxA8Vl,
PAYMENT,,,2025-03-12T10:15:05.5264558,,,,,,,ORD-00006,,PENDING,CARD,CARD-tTsa9BY2DQ,
PAYMENT,,,2025-04-15T10:15:05.5264558,,,,,,,ORD-00007,,DECLINED,INVOICE,INVOICE-QYDQK63Uxm,
PAYMENT,,,2025-04-25T10:15:05.5264558,,,,,,,ORD-00008,,DECLINED,INVOICE,INVOICE-ZA7KGKZm0Z,
PAYMENT,,,2025-06-10T10:15:05.5264558,,,,,,,ORD-00009,,PENDING,CARD,CARD-qpYdA6CO95,
PAYMENT,,,2025-02-07T10:15:05.5264558,,,,,,,ORD-00010,,DECLINED,CARD,CARD-16cBJc6beF,
PAYMENT,,,2025-11-16T10:15:05.5264558,,,,,,,ORD-00011,,APPROVED,INVOICE,INVOICE-HFjt2VA2jT,
PAYMENT,,,2025-08-22T10:15:05.5264558,,,,,,,ORD-00012,,PENDING,CARD,CARD-4QuFc0SIPR,
PAYMENT,,,2025-09-30T10:15:05.5264558,,,,,,,ORD-00013,,APPROVED,INVOICE,INVOICE-LvxfGLcWcg,
PAYMENT,,,2025-05-02T10:15:05.5264558,,,,,,,ORD-00014,,DECLINED,INVOICE,INVOICE-rK3QUnUbUO,
PAYMENT,,,2026-01-07T10:15:05.5264558,,,,,,,ORD-00015,,PENDING,CARD,CARD-D817u8uPGt,
PAYMENT,,,2025-04-03T10:15:05.5264558,,,,,,,ORD-00016,,PENDING,INVOICE,INVOICE-1ES9sDfEwS,
PAYMENT,,,2025-06-21T10:15:05.5264558,,,,,,,ORD-00017,,PENDING,CARD,CARD-EThXXzPlSY,
PAYMENT,,,2025-08-18T10:15:05.5264558,,,,,,,ORD-00018,,APPROVED,CARD,CARD-JkOIU6K9T2,
PAYMENT,,,2025-09-25T10:15:05.5264558,,,,,,,ORD-00019,,DECLINED,CARD,CARD-IHip3cIlS2,
PAYMENT,,,2025-12-10T10:15:05.5264558,,,,,,,ORD-00020,,DECLINED,CARD,CARD-YJKn9s4L0N,
PAYMENT,,,2025-04-22T10:15:05.5264558,,,,,,,ORD-00021,,PENDING,INVOICE,INVOICE-FVlRK5YdBD,
PAYMENT,,,2025-10-25T10:15:05.5264558,,,,,,,ORD-00022,,DECLINED,INVOICE,INVOICE-HkW7PvXW0Z,
PAYMENT,,,2025-03-12T10:15:05.5264558,,,,,,,ORD-00023,,APPROVED,INVOICE,INVOICE-RhMI8We2CW,
PAYMENT,,,2025-07-18T10:15:05.5264558,,,,,,,ORD-00024,,PENDING,CARD,CARD-OWBbvcTWBB,
PAYMENT,,,2025-04-14T10:15:05.5264558,,,,,,,ORD-00025,,PENDING,CARD,CARD-koQmxTICDz,
PAYMENT,,,2025-11-10T10:15:05.5264558,,,,,,,ORD-00026,,APPROVED,CARD,CARD-I06cRG1lYq,
PAYMENT,,,2025-04-25T10:15:05.5264558,,,,,,,ORD-00027,,PENDING,INVOICE,INVOICE-iH6j88L32W,
PAYMENT,,,2025-05-27T10:15:05.5264558,,,,,,,ORD-00028,,DECLINED,CARD,CARD-zPPlIfhG3j,
PAYMENT,,,2025-02-18T10:15:05.5264558,,,,,,,ORD-00029,,DECLINED,CARD,CARD-G8hHGtCmAB,
PAYMENT,,,2025-05-19T10:15:05.5281961,,,,,,,ORD-00030,,APPROVED,CARD,CARD-2cIiI2BjJJ,
PAYMENT,,,2026-01-17T10:15:05.5281961,,,,,,,ORD-00031,,APPROVED,CARD,CARD-bT6MNemheu,
PAYMENT,,,2025-06-30T10:15:05.5322026,,,,,,,ORD-00032,,PENDING,CARD,CARD-Tm2b3P3WE5,
PAYMENT,,,2025-06-25T10:15:05.5342068,,,,,,,ORD-00033,,APPROVED,CARD,CARD-MxJm8k3sBi,
PAYMENT,,,2025-02-14T10:15:05.5342068,,,,,,,ORD-00034,,APPROVED,INVOICE,INVOICE-zv4f2slWkW,
PAYMENT,,,2025-08-30T10:15:05.5362098,,,,,,,ORD-00035,,APPROVED,INVOICE,INVOICE-7E0H4RIMI6,
PAYMENT,,,2025-10-08T10:15:05.5382132,,,,,,,ORD-00036,,APPROVED,INVOICE,INVOICE-EBBFeHUT92,
PAYMENT,,,2025-09-03T10:15:05.5382132,,,,,,,ORD-00037,,DECLINED,CARD,CARD-S6NsawfZC5,
PAYMENT,,,2025-07-07T10:15:05.5382132,,,,,,,ORD-00038,,APPROVED,CARD,CARD-70WYAFIwe7,
PAYMENT,,,2025-09-27T10:15:05.5382132,,,,,,,ORD-00039,,APPROVED,CARD,CARD-BmbcgT4tHY,
PAYMENT,,,2025-02-24T10:15:05.5382132,,,,,,,ORD-00040,,DECLINED,INVOICE,INVOICE-xKiN6FTS75,
PAYMENT,,,2025-04-22T10:15:05.5382132,,,,,,,ORD-00041,,PENDING,INVOICE,INVOICE-PvbelzysGF,
PAYMENT,,,2025-01-23T10:15:05.5382132,,,,,,,ORD-00042,,APPROVED,CARD,CARD-833ucAZKla,
PAYMENT,,,2025-04-15T10:15:05.5382132,,,,,,,ORD-00043,,PENDING,CARD,CARD-UovOXB0nid,
PAYMENT,,,2025-03-07T10:15:05.5382132,,,,,,,ORD-00044,,APPROVED,CARD,CARD-D1rZfD4weR,
PAYMENT,,,2025-10-25T10:15:05.5382132,,,,,,,ORD-00045,,PENDING,CARD,CARD-c6lYQ9BhEb,
PAYMENT,,,2025-04-12T10:15:05.5382132,,,,,,,ORD-00046,,APPROVED,CARD,CARD-b2qxaQ77Kq,
PAYMENT,,,2025-04-22T10:15:05.5402172,,,,,,,ORD-00047,,DECLINED,INVOICE,INVOICE-BHYo68JHHj,
PAYMENT,,,2025-08-24T10:15:05.5422216,,,,,,,ORD-00048,,PENDING,CARD,CARD-01oNQjCsu5,
PAYMENT,,,2025-02-12T10:15:05.5422216,,,,,,,ORD-00049,,APPROVED,INVOICE,INVOICE-8wGcQFUHAG,
PAYMENT,,,2025-05-24T10:15:05.5422216,,,,,,,ORD-00050,,APPROVED,INVOICE,INVOICE-jCACqpfaJa,
RESERVATION,,customer4@example.com,2025-06-16T09:15:05.542221600Z,SKU35,,,,3,,,,,,,2026-01-21T09:38:05.542221600Z
RESERVATION,,customer90@example.com,2025-06-22T09:15:05.542221600Z,SKU23,,,,2,,,,,,,2026-01-21T10:02:05.542221600Z
RESERVATION,,customer66@example.com,2025-07-22T09:15:05.542221600Z,SKU47,,,,1,,,,,,,2026-01-21T09:36:05.542221600Z
RESERVATION,,customer70@example.com,2025-07-06T09:15:05.542221600Z,SKU1,,,,3,,,,,,,2026-01-21T10:35:05.542221600Z
RESERVATION,,customer86@example.com,2025-12-15T09:15:05.542221600Z,SKU49,,,,2,,,,,,,2026-01-21T09:52:05.542221600Z
RESERVATION,,customer84@example.com,2025-07-29T09:15:05.542221600Z,SKU31,,,,5,,,,,,,2026-01-21T10:14:05.542221600Z
RESERVATION,,customer17@example.com,2025-12-17T09:15:05.542221600Z,SKU17,,,,1,,,,,,,2026-01-21T09:45:05.542221600Z
RESERVATION,,customer71@example.com,2025-08-03T09:15:05.542221600Z,SKU45,,,,5,,,,,,,2026-01-21T10:15:05.542221600Z
RESERVATION,,customer74@example.com,2025-03-02T09:15:05.542221600Z,SKU44,,,,1,,,,,,,2026-01-21T10:02:05.542221600Z
RESERVATION,,customer74@example.com,2025-06-02T09:15:05.542221600Z,SKU23,,,,3,,,,,,,2026-01-21T11:07:05.542221600Z
RESERVATION,,customer70@example.com,2025-05-09T09:15:05.542221600Z,SKU31,,,,2,,,,,,,2026-01-21T11:03:05.542221600Z
RESERVATION,,customer80@example.com,2025-11-08T09:15:05.543962200Z,SKU24,,,,5,,,,,,,2026-01-21T09:51:05.543962200Z
RESERVATION,,customer59@example.com,2025-03-14T09:15:05.543962200Z,SKU30,,,,2,,,,,,,2026-01-21T09:57:05.543962200Z
RESERVATION,,customer19@example.com,2025-10-12T09:15:05.543962200Z,SKU2,,,,3,,,,,,,2026-01-21T09:56:05.543962200Z
RESERVATION,,customer8@example.com,2025-08-11T09:15:05.543962200Z,SKU4,,,,1,,,,,,,2026-01-21T10:43:05.543962200Z
RESERVATION,,customer1@example.com,2025-05-05T09:15:05.543962200Z,SKU13,,,,5,,,,,,,2026-01-21T10:02:05.543962200Z
RESERVATION,,customer27@example.com,2025-10-26T09:15:05.543962200Z,SKU21,,,,5,,,,,,,2026-01-21T11:26:05.543962200Z
RESERVATION,,customer9@example.com,2026-01-16T09:15:05.543962200Z,SKU15,,,,1,,,,,,,2026-01-21T09:58:05.543962200Z
RESERVATION,,customer81@example.com,2025-04-24T09:15:05.543962200Z,SKU24,,,,3,,,,,,,2026-01-21T10:21:05.543962200Z
RESERVATION,,customer67@example.com,2025-03-26T09:15:05.543962200Z,SKU37,,,,1,,,,,,,2026-01-21T09:45:05.543962200Z
RESERVATION,,customer20@example.com,2025-04-10T09:15:05.543962200Z,SKU8,,,,3,,,,,,,2026-01-21T11:09:05.543962200Z
RESERVATION,,customer84@example.com,2025-04-27T09:15:05.543962200Z,SKU34,,,,1,,,,,,,2026-01-21T09:43:05.543962200Z
RESERVATION,,customer37@example.com,2025-12-16T09:15:05.543962200Z,SKU33,,,,2,,,,,,,2026-01-21T09:33:05.543962200Z
RESERVATION,,customer52@example.com,2025-08-04T09:15:05.543962200Z,SKU49,,,,1,,,,,,,2026-01-21T10:27:05.543962200Z
RESERVATION,,customer91@example.com,2026-01-17T09:15:05.543962200Z,SKU27,,,,2,,,,,,,2026-01-21T10:00:05.543962200Z
RESERVATION,,customer60@example.com,2025-12-11T09:15:05.543962200Z,SKU50,,,,3,,,,,,,2026-01-21T10:10:05.543962200Z
RESERVATION,,customer25@example.com,2025-11-09T09:15:05.543962200Z,SKU11,,,,3,,,,,,,2026-01-21T10:45:05.543962200Z
RESERVATION,,customer1@example.com,2025-03-23T09:15:05.543962200Z,SKU40,,,,2,,,,,,,2026-01-21T10:48:05.543962200Z
RESERVATION,,customer93@example.com,2025-02-05T09:15:05.543962200Z,SKU23,,,,4,,,,,,,2026-01-21T10:37:05.543962200Z
RESERVATION,,customer56@example.com,2025-08-10T09:15:05.543962200Z,SKU35,,,,3,,,,,,,2026-01-21T10:28:05.543962200Z
RESERVATION,,customer90@example.com,2025-03-18T09:15:05.543962200Z,SKU49,,,,2,,,,,,,2026-01-21T10:58:05.543962200Z
RESERVATION,,customer41@example.com,2025-05-05T09:15:05.543962200Z,SKU26,,,,3,,,,,,,2026-01-21T10:12:05.543962200Z
RESERVATION,,customer6@example.com,2025-09-24T09:15:05.543962200Z,SKU22,,,,5,,,,,,,2026-01-21T10:00:05.543962200Z
RESERVATION,,customer44@example.com,2026-01-07T09:15:05.543962200Z,SKU30,,,,2,,,,,,,2026-01-21T11:00:05.543962200Z
RESERVATION,,customer28@example.com,2025-05-09T09:15:05.543962200Z,SKU20,,,,3,,,,,,,2026-01-21T10:51:05.543962200Z
RESERVATION,,customer26@example.com,2025-12-15T09:15:05.543962200Z,SKU15,,,,5,,,,,,,2026-01-21T10:18:05.543962200Z
RESERVATION,,customer65@example.com,2025-05-04T09:15:05.543962200Z,SKU28,,,,5,,,,,,,2026-01-21T10:36:05.543962200Z
RESERVATION,,customer69@example.com,2025-06-22T09:15:05.543962200Z,SKU3,,,,1,,,,,,,2026-01-21T11:14:05.543962200Z
RESERVATION,,customer3@example.com,2025-09-06T09:15:05.543962200Z,SKU33,,,,5,,,,,,,2026-01-21T09:53:05.543962200Z
RESERVATION,,customer42@example.com,2026-01-11T09:15:05.543962200Z,SKU13,,,,1,,,,,,,2026-01-21T10:58:05.543962200Z
RESERVATION,,customer42@example.com,2025-02-08T09:15:05.543962200Z,SKU11,,,,3,,,,,,,2026-01-21T11:09:05.543962200Z
RESERVATION,,customer47@example.com,2025-02-27T09:15:05.543962200Z,SKU27,,,,4,,,,,,,2026-01-21T11:26:05.543962200Z
RESERVATION,,customer49@example.com,2025-05-13T09:15:05.543962200Z,SKU47,,,,1,,,,,,,2026-01-21T10:05:05.543962200Z
RESERVATION,,customer84@example.com,2025-06-09T09:15:05.543962200Z,SKU26,,,,5,,,,,,,2026-01-21T11:29:05.543962200Z
RESERVATION,,customer19@example.com,2025-11-05T09:15:05.545966800Z,SKU7,,,,3,,,,,,,2026-01-21T09:30:05.545966800Z
RESERVATION,,customer64@example.com,2025-04-25T09:15:05.545966800Z,SKU16,,,,2,,,,,,,2026-01-21T09:31:05.545966800Z
RESERVATION,,customer39@example.com,2025-04-23T09:15:05.545966800Z,SKU9,,,,1,,,,,,,2026-01-21T10:56:05.545966800Z
RESERVATION,,customer6@example.com,2025-06-19T09:15:05.545966800Z,SKU35,,,,1,,,,,,,2026-01-21T09:47:05.545966800Z
RESERVATION,,customer6@example.com,2025-07-14T09:15:05.545966800Z,SKU26,,,,2,,,,,,,2026-01-21T11:13:05.545966800Z
RESERVATION,,customer61@example.com,2025-01-28T09:15:05.545966800Z,SKU33,,,,3,,,,,,,2026-01-21T11:20:05.545966800Z
RESERVATION,,customer85@example.com,2025-07-01T09:15:05.545966800Z,SKU16,,,,5,,,,,,,2026-01-21T10:59:05.545966800Z
RESERVATION,,customer72@example.com,2025-06-02T09:15:05.545966800Z,SKU22,,,,5,,,,,,,2026-01-21T11:02:05.545966800Z
RESERVATION,,customer97@example.com,2025-06-04T09:15:05.545966800Z,SKU45,,,,5,,,,,,,2026-01-21T09:31:05.545966800Z
RESERVATION,,customer91@example.com,2025-03-12T09:15:05.545966800Z,SKU20,,,,1,,,,,,,2026-01-21T10:51:05.545966800Z
RESERVATION,,customer69@example.com,2025-06-26T09:15:05.545966800Z,SKU27,,,,5,,,,,,,2026-01-21T09:52:05.545966800Z
RESERVATION,,customer82@example.com,2025-03-05T09:15:05.545966800Z,SKU5,,,,1,,,,,,,2026-01-21T10:22:05.545966800Z
RESERVATION,,customer15@example.com,2025-10-26T09:15:05.545966800Z,SKU22,,,,4,,,,,,,2026-01-21T11:20:05.545966800Z
RESERVATION,,customer35@example.com,2025-07-27T09:15:05.545966800Z,SKU26,,,,1,,,,,,,2026-01-21T10:18:05.545966800Z
RESERVATION,,customer27@example.com,2025-06-07T09:15:05.545966800Z,SKU43,,,,2,,,,,,,2026-01-21T10:01:05.545966800Z
RESERVATION,,customer38@example.com,2025-08-15T09:15:05.545966800Z,SKU17,,,,3,,,,,,,2026-01-21T10:49:05.545966800Z
RESERVATION,,customer62@example.com,2025-11-30T09:15:05.545966800Z,SKU22,,,,5,,,,,,,2026-01-21T11:08:05.545966800Z
RESERVATION,,customer34@example.com,2025-07-08T09:15:05.545966800Z,SKU36,,,,1,,,,,,,2026-01-21T11:03:05.545966800Z
RESERVATION,,customer92@example.com,2025-04-02T09:15:05.545966800Z,SKU16,,,,1,,,,,,,2026-01-21T09:57:05.545966800Z
RESERVATION,,customer45@example.com,2025-12-10T09:15:05.545966800Z,SKU13,,,,5,,,,,,,2026-01-21T10:22:05.545966800Z
RESERVATION,,customer3@example.com,2025-10-08T09:15:05.545966800Z,SKU20,,,,4,,,,,,,2026-01-21T09:58:05.545966800Z
RESERVATION,,customer45@example.com,2025-04-24T09:15:05.545966800Z,SKU50,,,,4,,,,,,,2026-01-21T10:56:05.545966800Z
RESERVATION,,customer11@example.com,2025-10-20T09:15:05.545966800Z,SKU6,,,,5,,,,,,,2026-01-21T10:26:05.545966800Z
RESERVATION,,customer81@example.com,2025-09-18T09:15:05.545966800Z,SKU47,,,,1,,,,,,,2026-01-21T09:42:05.545966800Z
RESERVATION,,customer74@example.com,2025-10-12T09:15:05.545966800Z,SKU22,,,,3,,,,,,,2026-01-21T10:34:05.545966800Z
RESERVATION,,customer34@example.com,2025-07-22T09:15:05.545966800Z,SKU2,,,,2,,,,,,,2026-01-21T10:47:05.545966800Z
RESERVATION,,customer45@example.com,2025-09-17T09:15:05.545966800Z,SKU10,,,,2,,,,,,,2026-01-21T11:00:05.545966800Z
RESERVATION,,customer73@example.com,2025-05-01T09:15:05.545966800Z,SKU50,,,,5,,,,,,,2026-01-21T10:31:05.545966800Z
RESERVATION,,customer80@example.com,2025-08-12T09:15:05.545966800Z,SKU40,,,,4,,,,,,,2026-01-21T10:30:05.545966800Z
RESERVATION,,customer77@example.com,2025-04-11T09:15:05.545966800Z,SKU6,,,,4,,,,,,,2026-01-21T11:00:05.545966800Z
RESERVATION,,customer20@example.com,2025-10-07T09:15:05.545966800Z,SKU30,,,,3,,,,,,,2026-01-21T10:12:05.545966800Z
RESERVATION,,customer20@example.com,2025-02-02T09:15:05.545966800Z,SKU22,,,,5,,,,,,,2026-01-21T09:45:05.545966800Z
RESERVATION,,customer34@example.com,2025-06-09T09:15:05.545966800Z,SKU24,,,,2,,,,,,,2026-01-21T10:55:05.545966800Z
RESERVATION,,customer65@example.com,2025-10-01T09:15:05.545966800Z,SKU17,,,,1,,,,,,,2026-01-21T10:53:05.545966800Z
RESERVATION,,customer5@example.com,2025-11-29T09:15:05.545966800Z,SKU9,,,,5,,,,,,,2026-01-21T10:28:05.545966800Z
RESERVATION,,customer90@example.com,2025-02-14T09:15:05.545966800Z,SKU45,,,,1,,,,,,,2026-01-21T11:02:05.545966800Z
RESERVATION,,customer90@example.com,2025-05-04T09:15:05.545966800Z,SKU10,,,,4,,,,,,,2026-01-21T11:03:05.545966800Z
RESERVATION,,customer9@example.com,2025-04-13T09:15:05.545966800Z,SKU7,,,,4,,,,,,,2026-01-21T10:07:05.545966800Z
RESERVATION,,customer47@example.com,2025-11-16T09:15:05.545966800Z,SKU14,,,,5,,,,,,,2026-01-21T09:36:05.545966800Z
RESERVATION,,customer50@example.com,2025-05-27T09:15:05.545966800Z,SKU29,,,,1,,,,,,,2026-01-21T11:15:05.545966800Z
RESERVATION,,customer82@example.com,2025-04-11T09:15:05.545966800Z,SKU33,,,,2,,,,,,,2026-01-21T10:54:05.545966800Z
RESERVATION,,customer19@example.com,2025-07-08T09:15:05.545966800Z,SKU18,,,,3,,,,,,,2026-01-21T10:59:05.545966800Z
RESERVATION,,customer25@example.com,2025-12-08T09:15:05.545966800Z,SKU17,,,,5,,,,,,,2026-01-21T10:55:05.545966800Z
RESERVATION,,customer70@example.com,2025-12-23T09:15:05.545966800Z,SKU43,,,,2,,,,,,,2026-01-21T11:17:05.545966800Z
RESERVATION,,customer10@example.com,2025-04-05T09:15:05.547970600Z,SKU34,,,,1,,,,,,,2026-01-21T09:34:05.547970600Z
RESERVATION,,customer49@example.com,2025-04-13T09:15:05.547970600Z,SKU2,,,,3,,,,,,,2026-01-21T11:27:05.547970600Z
RESERVATION,,customer65@example.com,2026-01-12T09:15:05.547970600Z,SKU40,,,,3,,,,,,,2026-01-21T10:00:05.547970600Z
RESERVATION,,customer46@example.com,2025-09-15T09:15:05.547970600Z,SKU35,,,,3,,,,,,,2026-01-21T10:41:05.547970600Z
RESERVATION,,customer53@example.com,2025-10-01T09:15:05.547970600Z,SKU10,,,,2,,,,,,,2026-01-21T10:12:05.547970600Z
RESERVATION,,customer32@example.com,2025-12-31T09:15:05.547970600Z,SKU6,,,,4,,,,,,,2026-01-21T10:09:05.547970600Z
RESERVATION,,customer27@example.com,2025-11-01T09:15:05.547970600Z,SKU23,,,,2,,,,,,,2026-01-21T10:17:05.547970600Z
RESERVATION,,customer39@example.com,2026-01-11T09:15:05.547970600Z,SKU36,,,,3,,,,,,,2026-01-21T10:28:05.547970600Z
RESERVATION,,customer51@example.com,2025-02-04T09:15:05.547970600Z,SKU7,,,,5,,,,,,,2026-01-21T09:36:05.547970600Z
RESERVATION,,customer90@example.com,2025-09-24T09:15:05.547970600Z,SKU24,,,,5,,,,,,,2026-01-21T11:13:05.547970600Z
RESERVATION,,customer53@example.com,2025-12-07T09:15:05.547970600Z,SKU13,,,,2,,,,,,,2026-01-21T10:09:05.547970600Z
RESERVATION,,customer58@example.com,2026-01-05T09:15:05.547970600Z,SKU21,,,,4,,,,,,,2026-01-21T09:56:05.547970600Z
RESERVATION,,customer80@example.com,2025-05-26T09:15:05.547970600Z,SKU33,,,,2,,,,,,,2026-01-21T11:19:05.547970600Z
RESERVATION,,customer74@example.com,2025-03-30T09:15:05.547970600Z,SKU1,,,,4,,,,,,,2026-01-21T11:00:05.547970600Z
RESERVATION,,customer80@example.com,2025-08-24T09:15:05.547970600Z,SKU49,,,,5,,,,,,,2026-01-21T10:29:05.547970600Z
RESERVATION,,customer2@example.com,2025-07-03T09:15:05.547970600Z,SKU6,,,,5,,,,,,,2026-01-21T10:33:05.547970600Z
RESERVATION,,customer9@example.com,2025-08-11T09:15:05.547970600Z,SKU38,,,,3,,,,,,,2026-01-21T09:43:05.547970600Z
RESERVATION,,customer15@example.com,2025-08-16T09:15:05.547970600Z,SKU33,,,,4,,,,,,,2026-01-21T10:17:05.547970600Z
RESERVATION,,customer4@example.com,2025-06-03T09:15:05.547970600Z,SKU22,,,,3,,,,,,,2026-01-21T10:00:05.547970600Z
RESERVATION,,customer8@example.com,2026-01-11T09:15:05.547970600Z,SKU7,,,,3,,,,,,,2026-01-21T09:55:05.547970600Z
RESERVATION,,customer77@example.com,2025-03-01T09:15:05.547970600Z,SKU33,,,,2,,,,,,,2026-01-21T11:04:05.547970600Z
RESERVATION,,customer19@example.com,2025-09-24T09:15:05.547970600Z,SKU45,,,,2,,,,,,,2026-01-21T09:58:05.547970600Z
RESERVATION,,customer2@example.com,2025-08-25T09:15:05.547970600Z,SKU49,,,,3,,,,,,,2026-01-21T10:12:05.547970600Z
RESERVATION,,customer3@example.com,2025-07-16T09:15:05.547970600Z,SKU4,,,,2,,,,,,,2026-01-21T10:25:05.547970600Z
RESERVATION,,customer96@example.com,2025-03-29T09:15:05.547970600Z,SKU1,,,,2,,,,,,,2026-01-21T09:30:05.547970600Z
RESERVATION,,customer15@example.com,2025-11-15T09:15:05.547970600Z,SKU38,,,,2,,,,,,,2026-01-21T10:29:05.547970600Z
RESERVATION,,customer58@example.com,2025-08-21T09:15:05.547970600Z,SKU24,,,,4,,,,,,,2026-01-21T11:19:05.547970600Z
RESERVATION,,customer12@example.com,2025-09-18T09:15:05.547970600Z,SKU18,,,,1,,,,,,,2026-01-21T11:06:05.547970600Z
RESERVATION,,customer35@example.com,2025-03-22T09:15:05.547970600Z,SKU19,,,,4,,,,,,,2026-01-21T11:06:05.547970600Z
RESERVATION,,customer49@example.com,2025-05-14T09:15:05.547970600Z,SKU21,,,,2,,,,,,,2026-01-21T10:28:05.547970600Z
RESERVATION,,customer65@example.com,2025-09-19T09:15:05.547970600Z,SKU2,,,,1,,,,,,,2026-01-21T11:28:05.547970600Z
RESERVATION,,customer30@example.com,2026-01-15T09:15:05.547970600Z,SKU17,,,,1,,,,,,,2026-01-21T10:11:05.547970600Z
RESERVATION,,customer72@example.com,2025-05-12T09:15:05.547970600Z,SKU17,,,,3,,,,,,,2026-01-21T09:59:05.547970600Z
RESERVATION,,customer93@example.com,2025-04-18T09:15:05.547970600Z,SKU17,,,,1,,,,,,,2026-01-21T11:17:05.547970600Z
RESERVATION,,customer17@example.com,2025-02-09T09:15:05.547970600Z,SKU27,,,,4,,,,,,,2026-01-21T09:51:05.547970600Z
RESERVATION,,customer31@example.com,2025-10-08T09:15:05.547970600Z,SKU13,,,,5,,,,,,,2026-01-21T11:10:05.547970600Z
RESERVATION,,customer28@example.com,2025-03-30T09:15:05.547970600Z,SKU6,,,,4,,,,,,,2026-01-21T10:18:05.547970600Z
RESERVATION,,customer8@example.com,2025-09-01T09:15:05.547970600Z,SKU20,,,,5,,,,,,,2026-01-21T10:43:05.547970600Z
RESERVATION,,customer83@example.com,2025-02-22T09:15:05.547970600Z,SKU7,,,,4,,,,,,,2026-01-21T10:02:05.547970600Z
RESERVATION,,customer39@example.com,2025-04-25T09:15:05.549974100Z,SKU21,,,,1,,,,,,,2026-01-21T10:20:05.549974100Z
RESERVATION,,customer76@example.com,2025-01-27T09:15:05.549974100Z,SKU29,,,,3,,,,,,,2026-01-21T10:27:05.549974100Z
RESERVATION,,customer54@example.com,2025-08-27T09:15:05.549974100Z,SKU9,,,,2,,,,,,,2026-01-21T10:13:05.549974100Z
RESERVATION,,customer42@example.com,2025-04-01T09:15:05.549974100Z,SKU46,,,,5,,,,,,,2026-01-21T09:56:05.549974100Z
RESERVATION,,customer6@example.com,2025-05-09T09:15:05.549974100Z,SKU9,,,,3,,,,,,,2026-01-21T09:34:05.549974100Z
RESERVATION,,customer85@example.com,2025-10-20T09:15:05.549974100Z,SKU2,,,,4,,,,,,,2026-01-21T10:06:05.549974100Z
RESERVATION,,customer7@example.com,2025-05-22T09:15:05.549974100Z,SKU24,,,,5,,,,,,,2026-01-21T11:14:05.549974100Z
RESERVATION,,customer70@example.com,2025-04-17T09:15:05.549974100Z,SKU12,,,,1,,,,,,,2026-01-21T10:49:05.549974100Z
RESERVATION,,customer86@example.com,2025-03-21T09:15:05.549974100Z,SKU7,,,,4,,,,,,,2026-01-21T10:37:05.549974100Z
RESERVATION,,customer51@example.com,2025-11-01T09:15:05.549974100Z,SKU23,,,,2,,,,,,,2026-01-21T10:05:05.549974100Z
RESERVATION,,customer58@example.com,2025-06-06T09:15:05.549974100Z,SKU50,,,,1,,,,,,,2026-01-21T10:09:05.549974100Z
RESERVATION,,customer73@example.com,2025-11-24T09:15:05.549974100Z,SKU32,,,,5,,,,,,,2026-01-21T11:26:05.549974100Z
RESERVATION,,customer95@example.com,2025-09-03T09:15:05.549974100Z,SKU25,,,,5,,,,,,,2026-01-21T11:23:05.549974100Z
RESERVATION,,customer58@example.com,2025-06-02T09:15:05.549974100Z,SKU35,,,,3,,,,,,,2026-01-21T09:52:05.549974100Z
RESERVATION,,customer99@example.com,2025-10-08T09:15:05.549974100Z,SKU3,,,,4,,,,,,,2026-01-21T10:35:05.549974100Z
RESERVATION,,customer18@example.com,2025-05-11T09:15:05.549974100Z,SKU22,,,,2,,,,,,,2026-01-21T09:49:05.549974100Z
RESERVATION,,customer8@example.com,2025-07-03T09:15:05.549974100Z,SKU41,,,,4,,,,,,,2026-01-21T10:22:05.549974100Z
RESERVATION,,customer48@example.com,2025-03-18T09:15:05.549974100Z,SKU29,,,,5,,,,,,,2026-01-21T11:04:05.549974100Z
RESERVATION,,customer59@example.com,2025-09-17T09:15:05.549974100Z,SKU38,,,,1,,,,,,,2026-01-21T11:19:05.549974100Z
RESERVATION,,customer4@example.com,2026-01-09T09:15:05.549974100Z,SKU49,,,,3,,,,,,,2026-01-21T10:52:05.549974100Z
RESERVATION,,customer63@example.com,2025-10-02T09:15:05.549974100Z,SKU20,,,,3,,,,,,,2026-01-21T09:37:05.549974100Z
RESERVATION,,customer13@example.com,2025-06-22T09:15:05.549974100Z,SKU34,,,,5,,,,,,,2026-01-21T11:06:05.549974100Z
RESERVATION,,customer25@example.com,2025-10-27T09:15:05.549974100Z,SKU17,,,,2,,,,,,,2026-01-21T10:02:05.549974100Z
RESERVATION,,customer93@example.com,2025-03-06T09:15:05.549974100Z,SKU49,,,,4,,,,,,,2026-01-21T11:09:05.549974100Z
RESERVATION,,customer100@example.com,2025-06-06T09:15:05.549974100Z,SKU45,,,,3,,,,,,,2026-01-21T10:38:05.549974100Z
RESERVATION,,customer48@example.com,2025-04-09T09:15:05.549974100Z,SKU48,,,,3,,,,,,,2026-01-21T10:39:05.549974100Z
RESERVATION,,customer3@example.com,2025-11-29T09:15:05.549974100Z,SKU44,,,,5,,,,,,,2026-01-21T09:52:05.549974100Z
RESERVATION,,customer47@example.com,2025-11-01T09:15:05.549974100Z,SKU13,,,,4,,,,,,,2026-01-21T10:56:05.549974100Z
RESERVATION,,customer5@example.com,2025-05-21T09:15:05.549974100Z,SKU38,,,,1,,,,,,,2026-01-21T11:15:05.549974100Z
RESERVATION,,customer49@example.com,2025-05-30T09:15:05.549974100Z,SKU45,,,,3,,,,,,,2026-01-21T09:53:05.549974100Z
RESERVATION,,customer95@example.com,2025-09-17T09:15:05.549974100Z,SKU11,,,,2,,,,,,,2026-01-21T10:11:05.549974100Z
RESERVATION,,customer29@example.com,2025-09-25T09:15:05.549974100Z,SKU39,,,,5,,,,,,,2026-01-21T11:02:05.549974100Z
RESERVATION,,customer70@example.com,2025-12-26T09:15:05.549974100Z,SKU39,,,,1,,,,,,,2026-01-21T10:07:05.549974100Z
RESERVATION,,customer15@example.com,2025-04-23T09:15:05.549974100Z,SKU13,,,,5,,,,,,,2026-01-21T09:37:05.549974100Z
RESERVATION,,customer42@example.com,2025-12-14T09:15:05.549974100Z,SKU48,,,,1,,,,,,,2026-01-21T10:47:05.549974100Z
RESERVATION,,customer44@example.com,2025-11-04T09:15:05.549974100Z,SKU25,,,,5,,,,,,,2026-01-21T11:12:05.549974100Z
RESERVATION,,customer49@example.com,2025-03-19T09:15:05.549974100Z,SKU50,,,,2,,,,,,,2026-01-21T10:34:05.549974100Z
RESERVATION,,customer76@example.com,2025-08-07T09:15:05.549974100Z,SKU12,,,,2,,,,,,,2026-01-21T11:16:05.549974100Z
RESERVATION,,customer52@example.com,2025-08-29T09:15:05.549974100Z,SKU29,,,,5,,,,,,,2026-01-21T10:55:05.549974100Z
RESERVATION,,customer82@example.com,2025-08-27T09:15:05.549974100Z,SKU3,,,,2,,,,,,,2026-01-21T10:05:05.549974100Z
RESERVATION,,customer42@example.com,2025-03-23T09:15:05.549974100Z,SKU1,,,,5,,,,,,,2026-01-21T11:03:05.549974100Z
RESERVATION,,customer66@example.com,2025-01-28T09:15:05.549974100Z,SKU2,,,,1,,,,,,,2026-01-21T10:52:05.549974100Z
RESERVATION,,customer41@example.com,2025-11-29T09:15:05.549974100Z,SKU33,,,,3,,,,,,,2026-01-21T11:04:05.549974100Z
RESERVATION,,customer71@example.com,2025-01-31T09:15:05.549974100Z,SKU43,,,,2,,,,,,,2026-01-21T10:57:05.549974100Z
RESERVATION,,customer78@example.com,2025-10-13T09:15:05.549974100Z,SKU10,,,,1,,,,,,,2026-01-21T10:54:05.549974100Z
RESERVATION,,customer31@example.com,2026-01-20T09:15:05.549974100Z,SKU40,,,,1,,,,,,,2026-01-21T10:51:05.549974100Z
RESERVATION,,customer39@example.com,2025-07-22T09:15:05.549974100Z,SKU25,,,,1,,,,,,,2026-01-21T10:47:05.549974100Z
RESERVATION,,customer14@example.com,2025-05-23T09:15:05.549974100Z,SKU24,,,,4,,,,,,,2026-01-21T10:25:05.549974100Z
RESERVATION,,customer9@example.com,2025-12-19T09:15:05.549974100Z,SKU32,,,,3,,,,,,,2026-01-21T09:45:05.549974100Z
RESERVATION,,customer25@example.com,2025-10-08T09:15:05.549974100Z,SKU47,,,,5,,,,,,,2026-01-21T10:52:05.549974100Z
RESERVATION,,customer76@example.com,2025-05-13T09:15:05.549974100Z,SKU44,,,,2,,,,,,,2026-01-21T10:49:05.549974100Z
RESERVATION,,customer99@example.com,2025-05-29T09:15:05.549974100Z,SKU23,,,,3,,,,,,,2026-01-21T09:39:05.549974100Z
RESERVATION,,customer86@example.com,2025-11-28T09:15:05.549974100Z,SKU11,,,,2,,,,,,,2026-01-21T10:43:05.549974100Z
RESERVATION,,customer94@example.com,2025-06-29T09:15:05.549974100Z,SKU44,,,,2,,,,,,,2026-01-21T11:06:05.549974100Z
RESERVATION,,customer35@example.com,2025-12-16T09:15:05.549974100Z,SKU34,,,,1,,,,,,,2026-01-21T10:55:05.549974100Z
RESERVATION,,customer62@example.com,2025-06-30T09:15:05.549974100Z,SKU11,,,,2,,,,,,,2026-01-21T11:07:05.549974100Z
RESERVATION,,customer63@example.com,2025-05-24T09:15:05.549974100Z,SKU43,,,,2,,,,,,,2026-01-21T11:04:05.549974100Z
RESERVATION,,customer10@example.com,2025-09-11T09:15:05.549974100Z,SKU19,,,,4,,,,,,,2026-01-21T10:10:05.549974100Z
RESERVATION,,customer100@example.com,2025-12-08T09:15:05.549974100Z,SKU38,,,,1,,,,,,,2026-01-21T10:28:05.549974100Z
RESERVATION,,customer45@example.com,2025-10-31T09:15:05.549974100Z,SKU43,,,,4,,,,,,,2026-01-21T11:29:05.549974100Z
RESERVATION,,customer73@example.com,2025-12-12T09:15:05.549974100Z,SKU40,,,,3,,,,,,,2026-01-21T09:56:05.549974100Z
RESERVATION,,customer86@example.com,2025-08-13T09:15:05.549974100Z,SKU12,,,,4,,,,,,,2026-01-21T11:02:05.549974100Z
RESERVATION,,customer74@example.com,2025-12-23T09:15:05.549974100Z,SKU4,,,,3,,,,,,,2026-01-21T10:52:05.549974100Z
RESERVATION,,customer56@example.com,2025-07-07T09:15:05.549974100Z,SKU26,,,,2,,,,,,,2026-01-21T10:15:05.549974100Z
RESERVATION,,customer79@example.com,2025-07-18T09:15:05.549974100Z,SKU19,,,,5,,,,,,,2026-01-21T11:08:05.549974100Z
RESERVATION,,customer11@example.com,2025-10-12T09:15:05.549974100Z,SKU49,,,,2,,,,,,,2026-01-21T09:59:05.549974100Z
RESERVATION,,customer25@example.com,2025-12-04T09:15:05.549974100Z,SKU47,,,,2,,,,,,,2026-01-21T11:07:05.549974100Z
RESERVATION,,customer33@example.com,2025-02-09T09:15:05.549974100Z,SKU12,,,,5,,,,,,,2026-01-21T11:20:05.549974100Z
RESERVATION,,customer94@example.com,2025-12-31T09:15:05.549974100Z,SKU5,,,,2,,,,,,,2026-01-21T10:03:05.549974100Z
RESERVATION,,customer37@example.com,2025-11-06T09:15:05.549974100Z,SKU2,,,,5,,,,,,,2026-01-21T11:08:05.549974100Z
RESERVATION,,customer36@example.com,2025-12-16T09:15:05.549974100Z,SKU40,,,,5,,,,,,,2026-01-21T09:43:05.549974100Z
RESERVATION,,customer4@example.com,2026-01-18T09:15:05.549974100Z,SKU42,,,,1,,,,,,,2026-01-21T11:06:05.549974100Z
RESERVATION,,customer41@example.com,2025-08-19T09:15:05.549974100Z,SKU2,,,,5,,,,,,,2026-01-21T10:42:05.549974100Z
RESERVATION,,customer37@example.com,2025-10-20T09:15:05.549974100Z,SKU12,,,,4,,,,,,,2026-01-21T11:12:05.549974100Z
RESERVATION,,customer89@example.com,2025-05-18T09:15:05.549974100Z,SKU39,,,,1,,,,,,,2026-01-21T11:13:05.549974100Z
RESERVATION,,customer1@example.com,2025-10-10T09:15:05.549974100Z,SKU39,,,,5,,,,,,,2026-01-21T09:57:05.549974100Z
RESERVATION,,customer68@example.com,2025-04-24T09:15:05.551977500Z,SKU27,,,,2,,,,,,,2026-01-21T09:35:05.551977500Z
RESERVATION,,customer66@example.com,2025-06-23T09:15:05.551977500Z,SKU8,,,,4,,,,,,,2026-01-21T11:02:05.551977500Z
RESERVATION,,customer44@example.com,2025-07-21T09:15:05.551977500Z,SKU25,,,,3,,,,,,,2026-01-21T10:55:05.551977500Z
RESERVATION,,customer85@example.com,2025-09-09T09:15:05.551977500Z,SKU20,,,,2,,,,,,,2026-01-21T10:44:05.551977500Z
RESERVATION,,customer7@example.com,2025-02-23T09:15:05.551977500Z,SKU36,,,,1,,,,,,,2026-01-21T09:36:05.551977500Z
RESERVATION,,customer11@example.com,2026-01-06T09:15:05.551977500Z,SKU9,,,,1,,,,,,,2026-01-21T10:01:05.551977500Z
RESERVATION,,customer30@example.com,2025-09-14T09:15:05.551977500Z,SKU5,,,,1,,,,,,,2026-01-21T09:51:05.551977500Z
RESERVATION,,customer59@example.com,2025-05-25T09:15:05.551977500Z,SKU32,,,,5,,,,,,,2026-01-21T09:45:05.551977500Z
RESERVATION,,customer62@example.com,2025-07-21T09:15:05.551977500Z,SKU42,,,,3,,,,,,,2026-01-21T09:47:05.551977500Z
RESERVATION,,customer23@example.com,2025-09-10T09:15:05.551977500Z,SKU50,,,,2,,,,,,,2026-01-21T09:59:05.551977500Z
RESERVATION,,customer63@example.com,2025-04-29T09:15:05.551977500Z,SKU19,,,,4,,,,,,,2026-01-21T11:05:05.551977500Z
RESERVATION,,customer39@example.com,2025-09-02T09:15:05.551977500Z,SKU34,,,,2,,,,,,,2026-01-21T11:26:05.551977500Z
RESERVATION,,customer26@example.com,2025-04-22T09:15:05.551977500Z,SKU39,,,,1,,,,,,,2026-01-21T09:49:05.551977500Z
RESERVATION,,customer67@example.com,2025-02-23T09:15:05.551977500Z,SKU28,,,,4,,,,,,,2026-01-21T09:49:05.551977500Z
RESERVATION,,customer19@example.com,2025-10-15T09:15:05.551977500Z,SKU38,,,,4,,,,,,,2026-01-21T09:33:05.551977500Z
RESERVATION,,customer73@example.com,2025-10-09T09:15:05.551977500Z,SKU41,,,,2,,,,,,,2026-01-21T10:54:05.551977500Z
RESERVATION,,customer43@example.com,2025-11-10T09:15:05.551977500Z,SKU4,,,,3,,,,,,,2026-01-21T10:14:05.551977500Z
RESERVATION,,customer77@example.com,2025-09-20T09:15:05.551977500Z,SKU39,,,,1,,,,,,,2026-01-21T11:16:05.551977500Z
RESERVATION,,customer87@example.com,2025-10-15T09:15:05.551977500Z,SKU1,,,,1,,,,,,,2026-01-21T09:47:05.551977500Z
RESERVATION,,customer88@example.com,2025-10-05T09:15:05.551977500Z,SKU5,,,,4,,,,,,,2026-01-21T11:22:05.551977500Z
RESERVATION,,customer62@example.com,2025-06-23T09:15:05.551977500Z,SKU47,,,,5,,,,,,,2026-01-21T11:09:05.551977500Z
RESERVATION,,customer85@example.com,2025-05-04T09:15:05.551977500Z,SKU27,,,,4,,,,,,,2026-01-21T11:05:05.551977500Z
RESERVATION,,customer3@example.com,2025-09-22T09:15:05.551977500Z,SKU22,,,,5,,,,,,,2026-01-21T09:48:05.551977500Z
RESERVATION,,customer75@example.com,2025-08-31T09:15:05.551977500Z,SKU7,,,,5,,,,,,,2026-01-21T10:40:05.551977500Z
RESERVATION,,customer2@example.com,2025-06-08T09:15:05.551977500Z,SKU49,,,,3,,,,,,,2026-01-21T09:49:05.551977500Z
RESERVATION,,customer24@example.com,2025-06-27T09:15:05.551977500Z,SKU41,,,,1,,,,,,,2026-01-21T09:55:05.551977500Z
RESERVATION,,customer85@example.com,2025-11-13T09:15:05.551977500Z,SKU18,,,,2,,,,,,,2026-01-21T11:16:05.551977500Z
RESERVATION,,customer37@example.com,2025-03-20T09:15:05.551977500Z,SKU37,,,,1,,,,,,,2026-01-21T10:39:05.551977500Z
RESERVATION,,customer83@example.com,2025-06-04T09:15:05.551977500Z,SKU30,,,,1,,,,,,,2026-01-21T10:11:05.551977500Z
RESERVATION,,customer73@example.com,2025-06-11T09:15:05.551977500Z,SKU46,,,,1,,,,,,,2026-01-21T10:14:05.551977500Z
RESERVATION,,customer81@example.com,2025-07-01T09:15:05.551977500Z,SKU40,,,,3,,,,,,,2026-01-21T09:30:05.551977500Z
RESERVATION,,customer92@example.com,2025-06-18T09:15:05.551977500Z,SKU6,,,,5,,,,,,,2026-01-21T11:02:05.551977500Z
RESERVATION,,customer3@example.com,2025-11-15T09:15:05.551977500Z,SKU41,,,,3,,,,,,,2026-01-21T10:42:05.551977500Z
RESERVATION,,customer97@example.com,2025-06-28T09:15:05.551977500Z,SKU1,,,,2,,,,,,,2026-01-21T09:57:05.551977500Z
RESERVATION,,customer78@example.com,2025-02-22T09:15:05.551977500Z,SKU34,,,,5,,,,,,,2026-01-21T10:22:05.551977500Z
RESERVATION,,customer99@example.com,2025-10-28T09:15:05.551977500Z,SKU3,,,,3,,,,,,,2026-01-21T11:00:05.551977500Z
RESERVATION,,customer8@example.com,2025-12-06T09:15:05.551977500Z,SKU24,,,,1,,,,,,,2026-01-21T10:53:05.551977500Z
RESERVATION,,customer11@example.com,2025-02-23T09:15:05.551977500Z,SKU39,,,,5,,,,,,,2026-01-21T09:33:05.551977500Z
RESERVATION,,customer33@example.com,2025-07-15T09:15:05.551977500Z,SKU45,,,,2,,,,,,,2026-01-21T09:33:05.551977500Z
RESERVATION,,customer82@example.com,2025-03-14T09:15:05.551977500Z,SKU13,,,,2,,,,,,,2026-01-21T11:28:05.551977500Z
RESERVATION,,customer11@example.com,2025-03-01T09:15:05.551977500Z,SKU10,,,,1,,,,,,,2026-01-21T09:44:05.551977500Z
RESERVATION,,customer33@example.com,2025-09-01T09:15:05.551977500Z,SKU27,,,,3,,,,,,,2026-01-21T10:29:05.551977500Z
RESERVATION,,customer13@example.com,2026-01-13T09:15:05.551977500Z,SKU7,,,,3,,,,,,,2026-01-21T11:16:05.551977500Z
RESERVATION,,customer88@example.com,2025-05-29T09:15:05.551977500Z,SKU28,,,,1,,,,,,,2026-01-21T10:09:05.551977500Z
RESERVATION,,customer92@example.com,2025-08-13T09:15:05.551977500Z,SKU47,,,,2,,,,,,,2026-01-21T10:43:05.551977500Z
RESERVATION,,customer55@example.com,2025-12-25T09:15:05.551977500Z,SKU28,,,,1,,,,,,,2026-01-21T09:54:05.551977500Z
RESERVATION,,customer1@example.com,2025-08-11T09:15:05.551977500Z,SKU3,,,,5,,,,,,,2026-01-21T11:26:05.551977500Z
RESERVATION,,customer73@example.com,2026-01-08T09:15:05.551977500Z,SKU42,,,,5,,,,,,,2026-01-21T10:57:05.551977500Z
RESERVATION,,customer31@example.com,2025-05-25T09:15:05.551977500Z,SKU6,,,,3,,,,,,,2026-01-21T11:15:05.551977500Z
RESERVATION,,customer44@example.com,2025-03-09T09:15:05.551977500Z,SKU21,,,,2,,,,,,,2026-01-21T11:28:05.551977500Z
RESERVATION,,customer15@example.com,2025-05-25T09:15:05.551977500Z,SKU48,,,,2,,,,,,,2026-01-21T11:16:05.551977500Z
RESERVATION,,customer89@example.com,2025-11-25T09:15:05.551977500Z,SKU18,,,,1,,,,,,,2026-01-21T10:35:05.551977500Z
RESERVATION,,customer99@example.com,2025-07-28T09:15:05.551977500Z,SKU22,,,,4,,,,,,,2026-01-21T10:55:05.551977500Z
RESERVATION,,customer24@example.com,2025-07-03T09:15:05.551977500Z,SKU45,,,,4,,,,,,,2026-01-21T09:39:05.551977500Z
RESERVATION,,customer89@example.com,2025-04-19T09:15:05.551977500Z,SKU42,,,,5,,,,,,,2026-01-21T10:15:05.551977500Z
RESERVATION,,customer40@example.com,2025-03-24T09:15:05.551977500Z,SKU11,,,,4,,,,,,,2026-01-21T10:05:05.551977500Z
RESERVATION,,customer13@example.com,2025-11-08T09:15:05.551977500Z,SKU41,,,,2,,,,,,,2026-01-21T10:20:05.551977500Z
RESERVATION,,customer45@example.com,2025-04-12T09:15:05.551977500Z,SKU12,,,,2,,,,,,,2026-01-21T09:48:05.551977500Z
RESERVATION,,customer45@example.com,2025-07-30T09:15:05.551977500Z,SKU34,,,,1,,,,,,,2026-01-21T10:05:05.551977500Z
RESERVATION,,customer99@example.com,2025-07-11T09:15:05.551977500Z,SKU14,,,,4,,,,,,,2026-01-21T10:47:05.551977500Z
RESERVATION,,customer68@example.com,2025-12-19T09:15:05.551977500Z,SKU9,,,,4,,,,,,,2026-01-21T11:25:05.551977500Z
RESERVATION,,customer82@example.com,2025-01-29T09:15:05.551977500Z,SKU14,,,,2,,,,,,,2026-01-21T09:44:05.551977500Z
RESERVATION,,customer21@example.com,2025-05-03T09:15:05.551977500Z,SKU5,,,,1,,,,,,,2026-01-21T09:58:05.551977500Z
RESERVATION,,customer48@example.com,2025-05-21T09:15:05.551977500Z,SKU6,,,,3,,,,,,,2026-01-21T10:25:05.551977500Z
RESERVATION,,customer48@example.com,2026-01-07T09:15:05.551977500Z,SKU35,,,,2,,,,,,,2026-01-21T11:07:05.551977500Z
RESERVATION,,customer34@example.com,2025-10-14T09:15:05.551977500Z,SKU7,,,,1,,,,,,,2026-01-21T10:03:05.551977500Z
RESERVATION,,customer9@example.com,2025-06-12T09:15:05.551977500Z,SKU47,,,,3,,,,,,,2026-01-21T10:24:05.551977500Z
RESERVATION,,customer33@example.com,2025-08-05T09:15:05.551977500Z,SKU25,,,,3,,,,,,,2026-01-21T09:39:05.551977500Z
RESERVATION,,customer74@example.com,2025-07-21T09:15:05.551977500Z,SKU2,,,,5,,,,,,,2026-01-21T10:04:05.551977500Z
RESERVATION,,customer49@example.com,2025-09-08T09:15:05.551977500Z,SKU8,,,,5,,,,,,,2026-01-21T09:47:05.551977500Z
RESERVATION,,customer43@example.com,2025-03-12T09:15:05.551977500Z,SKU32,,,,2,,,,,,,2026-01-21T10:39:05.551977500Z
RESERVATION,,customer10@example.com,2025-05-30T09:15:05.551977500Z,SKU14,,,,2,,,,,,,2026-01-21T10:23:05.551977500Z
RESERVATION,,customer48@example.com,2025-07-15T09:15:05.551977500Z,SKU13,,,,4,,,,,,,2026-01-21T09:47:05.551977500Z
RESERVATION,,customer34@example.com,2025-05-07T09:15:05.551977500Z,SKU30,,,,5,,,,,,,2026-01-21T09:35:05.551977500Z
RESERVATION,,customer89@example.com,2025-06-29T09:15:05.551977500Z,SKU16,,,,5,,,,,,,2026-01-21T10:27:05.551977500Z
RESERVATION,,customer9@example.com,2025-08-18T09:15:05.553980600Z,SKU8,,,,4,,,,,,,2026-01-21T10:34:05.553980600Z
RESERVATION,,customer78@example.com,2025-11-08T09:15:05.553980600Z,SKU41,,,,4,,,,,,,2026-01-21T09:40:05.553980600Z
RESERVATION,,customer13@example.com,2025-07-28T09:15:05.553980600Z,SKU37,,,,2,,,,,,,2026-01-21T10:30:05.553980600Z
RESERVATION,,customer5@example.com,2026-01-20T09:15:05.553980600Z,SKU19,,,,5,,,,,,,2026-01-21T11:25:05.553980600Z
RESERVATION,,customer66@example.com,2025-05-30T09:15:05.553980600Z,SKU1,,,,1,,,,,,,2026-01-21T10:08:05.553980600Z
RESERVATION,,customer16@example.com,2025-12-07T09:15:05.553980600Z,SKU19,,,,1,,,,,,,2026-01-21T09:45:05.553980600Z
RESERVATION,,customer77@example.com,2025-03-04T09:15:05.553980600Z,SKU17,,,,4,,,,,,,2026-01-21T09:57:05.553980600Z
RESERVATION,,customer81@example.com,2025-11-04T09:15:05.553980600Z,SKU49,,,,4,,,,,,,2026-01-21T09:37:05.553980600Z
RESERVATION,,customer28@example.com,2025-02-25T09:15:05.553980600Z,SKU46,,,,3,,,,,,,2026-01-21T10:38:05.553980600Z
RESERVATION,,customer86@example.com,2025-11-24T09:15:05.553980600Z,SKU30,,,,1,,,,,,,2026-01-21T09:33:05.553980600Z
RESERVATION,,customer46@example.com,2025-12-05T09:15:05.553980600Z,SKU7,,,,5,,,,,,,2026-01-21T11:22:05.553980600Z
RESERVATION,,customer14@example.com,2026-01-16T09:15:05.553980600Z,SKU22,,,,1,,,,,,,2026-01-21T10:25:05.553980600Z
RESERVATION,,customer4@example.com,2026-01-09T09:15:05.553980600Z,SKU9,,,,5,,,,,,,2026-01-21T09:53:05.553980600Z
RESERVATION,,customer86@example.com,2025-11-11T09:15:05.553980600Z,SKU22,,,,4,,,,,,,2026-01-21T10:04:05.553980600Z
RESERVATION,,customer16@example.com,2025-09-01T09:15:05.553980600Z,SKU29,,,,5,,,,,,,2026-01-21T11:08:05.553980600Z
RESERVATION,,customer21@example.com,2025-05-20T09:15:05.553980600Z,SKU48,,,,2,,,,,,,2026-01-21T09:47:05.553980600Z
RESERVATION,,customer29@example.com,2025-02-07T09:15:05.553980600Z,SKU7,,,,2,,,,,,,2026-01-21T09:41:05.553980600Z
RESERVATION,,customer85@example.com,2025-12-15T09:15:05.553980600Z,SKU50,,,,2,,,,,,,2026-01-21T09:42:05.553980600Z
RESERVATION,,customer90@example.com,2025-02-27T09:15:05.553980600Z,SKU7,,,,3,,,,,,,2026-01-21T10:20:05.553980600Z
RESERVATION,,customer58@example.com,2025-11-19T09:15:05.553980600Z,SKU3,,,,5,,,,,,,2026-01-21T10:24:05.553980600Z
RESERVATION,,customer53@example.com,2025-03-10T09:15:05.553980600Z,SKU35,,,,3,,,,,,,2026-01-21T11:21:05.553980600Z
RESERVATION,,customer78@example.com,2025-12-10T09:15:05.553980600Z,SKU12,,,,4,,,,,,,2026-01-21T09:42:05.553980600Z
RESERVATION,,customer75@example.com,2025-01-26T09:15:05.553980600Z,SKU33,,,,2,,,,,,,2026-01-21T10:45:05.553980600Z
RESERVATION,,customer65@example.com,2025-01-27T09:15:05.553980600Z,SKU16,,,,1,,,,,,,2026-01-21T09:54:05.553980600Z
RESERVATION,,customer9@example.com,2025-05-01T09:15:05.553980600Z,SKU3,,,,5,,,,,,,2026-01-21T10:06:05.553980600Z
RESERVATION,,customer59@example.com,2025-10-27T09:15:05.553980600Z,SKU19,,,,3,,,,,,,2026-01-21T10:11:05.553980600Z
RESERVATION,,customer12@example.com,2025-10-15T09:15:05.553980600Z,SKU1,,,,3,,,,,,,2026-01-21T11:02:05.553980600Z
RESERVATION,,customer53@example.com,2025-04-04T09:15:05.553980600Z,SKU23,,,,3,,,,,,,2026-01-21T10:41:05.553980600Z
RESERVATION,,customer60@example.com,2025-02-20T09:15:05.553980600Z,SKU23,,,,5,,,,,,,2026-01-21T11:27:05.553980600Z
RESERVATION,,customer18@example.com,2025-11-17T09:15:05.553980600Z,SKU22,,,,2,,,,,,,2026-01-21T10:57:05.553980600Z
RESERVATION,,customer92@example.com,2025-10-11T09:15:05.553980600Z,SKU44,,,,1,,,,,,,2026-01-21T10:26:05.553980600Z
RESERVATION,,customer94@example.com,2025-03-08T09:15:05.553980600Z,SKU32,,,,4,,,,,,,2026-01-21T09:38:05.553980600Z
RESERVATION,,customer47@example.com,2025-06-10T09:15:05.553980600Z,SKU29,,,,3,,,,,,,2026-01-21T10:03:05.553980600Z
RESERVATION,,customer49@example.com,2025-09-25T09:15:05.553980600Z,SKU7,,,,5,,,,,,,2026-01-21T09:40:05.553980600Z
RESERVATION,,customer77@example.com,2025-06-11T09:15:05.553980600Z,SKU32,,,,1,,,,,,,2026-01-21T09:58:05.553980600Z
RESERVATION,,customer88@example.com,2025-10-28T09:15:05.553980600Z,SKU37,,,,2,,,,,,,2026-01-21T10:44:05.553980600Z
RESERVATION,,customer67@example.com,2025-02-06T09:15:05.553980600Z,SKU8,,,,2,,,,,,,2026-01-21T09:34:05.553980600Z
RESERVATION,,customer11@example.com,2025-11-04T09:15:05.553980600Z,SKU15,,,,1,,,,,,,2026-01-21T11:15:05.553980600Z
RESERVATION,,customer38@example.com,2025-03-06T09:15:05.553980600Z,SKU20,,,,5,,,,,,,2026-01-21T10:16:05.553980600Z
RESERVATION,,customer27@example.com,2025-02-10T09:15:05.553980600Z,SKU24,,,,4,,,,,,,2026-01-21T11:28:05.553980600Z
RESERVATION,,customer72@example.com,2025-07-11T09:15:05.553980600Z,SKU13,,,,4,,,,,,,2026-01-21T10:54:05.553980600Z
RESERVATION,,customer27@example.com,2025-03-08T09:15:05.553980600Z,SKU32,,,,1,,,,,,,2026-01-21T10:12:05.553980600Z
RESERVATION,,customer23@example.com,2025-01-25T09:15:05.553980600Z,SKU8,,,,3,,,,,,,2026-01-21T10:48:05.553980600Z
RESERVATION,,customer83@example.com,2025-11-28T09:15:05.553980600Z,SKU33,,,,1,,,,,,,2026-01-21T09:48:05.553980600Z
RESERVATION,,customer25@example.com,2025-02-27T09:15:05.553980600Z,SKU19,,,,3,,,,,,,2026-01-21T09:30:05.553980600Z
RESERVATION,,customer86@example.com,2025-06-22T09:15:05.553980600Z,SKU7,,,,1,,,,,,,2026-01-21T10:02:05.553980600Z
RESERVATION,,customer5@example.com,2025-07-18T09:15:05.553980600Z,SKU35,,,,2,,,,,,,2026-01-21T09:59:05.553980600Z
